function	current_source
p101_fsm_effect_batch_count	libraries/lib_fsm/src/effect.c
p101_fsm_effect_batch_create	libraries/lib_fsm/src/effect.c
p101_fsm_effect_batch_destroy	libraries/lib_fsm/src/effect.c
p101_fsm_effect_batch_finish_step	libraries/lib_fsm/src/effect.c
p101_fsm_effect_batch_sink	libraries/lib_fsm/src/effect.c
p101_fsm_decide_exit	libraries/lib_fsm/src/fsm.c
p101_fsm_decide_pause	libraries/lib_fsm/src/fsm.c
p101_fsm_decide_transition	libraries/lib_fsm/src/fsm.c
p101_fsm_emit_effect	libraries/lib_fsm/src/fsm.c
p101_fsm_exit_immediately	libraries/lib_fsm/src/fsm.c
p101_fsm_info_create	libraries/lib_fsm/src/fsm.c
p101_fsm_info_default_bad_change_state_handler	libraries/lib_fsm/src/fsm.c
p101_fsm_info_default_bad_change_state_notifier	libraries/lib_fsm/src/fsm.c
p101_fsm_info_default_did_change_state_notifier	libraries/lib_fsm/src/fsm.c
p101_fsm_info_default_will_change_state_notifier	libraries/lib_fsm/src/fsm.c
p101_fsm_info_destroy	libraries/lib_fsm/src/fsm.c
p101_fsm_info_get_bad_change_state_handler	libraries/lib_fsm/src/fsm.c
p101_fsm_info_get_bad_change_state_notifier	libraries/lib_fsm/src/fsm.c
p101_fsm_info_get_current_state	libraries/lib_fsm/src/fsm.c
p101_fsm_info_get_did_change_state_notifier	libraries/lib_fsm/src/fsm.c
p101_fsm_info_get_name	libraries/lib_fsm/src/fsm.c
p101_fsm_info_get_step_sequence	libraries/lib_fsm/src/fsm.c
p101_fsm_info_get_will_change_state_notifier	libraries/lib_fsm/src/fsm.c
p101_fsm_info_is_terminal	libraries/lib_fsm/src/fsm.c
p101_fsm_info_set_bad_change_state_handler	libraries/lib_fsm/src/fsm.c
p101_fsm_info_set_bad_change_state_notifier	libraries/lib_fsm/src/fsm.c
p101_fsm_info_set_did_change_state_notifier	libraries/lib_fsm/src/fsm.c
p101_fsm_info_set_step_observer	libraries/lib_fsm/src/fsm.c
p101_fsm_info_set_will_change_state_notifier	libraries/lib_fsm/src/fsm.c
p101_fsm_run	libraries/lib_fsm/src/fsm.c
p101_fsm_step	libraries/lib_fsm/src/fsm.c
